run_accession	study_accession	study_title	experiment_accession	experiment_title	experiment_desc	organism_taxid	organism_name	library_name	library_strategy	library_source	library_selection	library_layout	sample_accession	sample_title	biosample	bioproject	instrument	instrument_model	instrument_model_desc	total_spots	total_size	run_total_spots	run_total_bases	run_alias	public_filename	public_size	public_date	public_md5	public_version	public_semantic_name	public_supertype	public_sratoolkit	aws_url	aws_free_egress	aws_access_type	public_url	ncbi_url	ncbi_free_egress	ncbi_access_type	gcp_url	gcp_free_egress	gcp_access_type	experiment_alias	strain	isolate	breed	cultivar	ecotype	age	dev_stage	sex	tissue	phenotype	sample_type	biosamplemodel	host	collection_date	geo_loc_name	ena_fastq_http	ena_fastq_http_1	ena_fastq_http_2	ena_fastq_ftp	ena_fastq_ftp_1	ena_fastq_ftp_2
SRR10578483	SRP234478	Comparative transcritpomics for Breviolum minutum SSB01 and Symbiodinium linucheae SSA01	SRX7258938	RNA-Seq of Breviolum minutum SSB01: free-living	RNA-Seq of Breviolum minutum SSB01: free-living	2499525	Breviolum minutum	120517_PINKERTON_0180_BC0RRPACXX	RNA-Seq	TRANSCRIPTOMIC	PCR	PAIRED	SRS5754976	-	SAMN13386899	PRJNA591730	Illumina HiSeq 2000	Illumina HiSeq 2000	ILLUMINA	0	22056530809	-	-	120517_PINKERTON_0180_BC0RRPACXX_L2_CTTGTA_1_pf.fastq.gz	SRR10578483.lite	9091228575	2022-07-19 14:53:59	296bf58ecee040931e22321a65f626cc	2	SRA Lite	Primary ETL	1	s3://sra-pub-zq-4/SRR10578483/SRR10578483.lite.2	s3.us-east-1	aws identity	https://sra-downloadb.be-md.ncbi.nlm.nih.gov/sos5/sra-pub-zq-16/SRR010/10578/SRR10578483/SRR10578483.lite.2	https://sra-downloadb.be-md.ncbi.nlm.nih.gov/sos5/sra-pub-zq-16/SRR010/10578/SRR10578483/SRR10578483.lite.2	worldwide	anonymous	gs://sra-pub-zq-101/SRR10578483/SRR10578483.lite.2	gs.us-east1	gcp identity	-	SSB01	NA	NA	NA	NA	NA	NA	NA	symbiotic from Aiptasia tissue	symbiotic	isolated cells	Model organism or animal	-	-	-	-	http://ftp.sra.ebi.ac.uk/vol1/fastq/SRR105/083/SRR10578483/SRR10578483_1.fastq.gz	http://ftp.sra.ebi.ac.uk/vol1/fastq/SRR105/083/SRR10578483/SRR10578483_2.fastq.gz	-	era-fasp@fasp.sra.ebi.ac.uk:vol1/fastq/SRR105/083/SRR10578483/SRR10578483_1.fastq.gz	era-fasp@fasp.sra.ebi.ac.uk:vol1/fastq/SRR105/083/SRR10578483/SRR10578483_2.fastq.gz
SRR10578484	SRP234478	Comparative transcritpomics for Breviolum minutum SSB01 and Symbiodinium linucheae SSA01	SRX7258939	RNA-Seq of Breviolum minutum SSB01: symbiotic	RNA-Seq of Breviolum minutum SSB01: symbiotic	2499525	Breviolum minutum	130403_MONK_0275_AC1Y6RACXX	RNA-Seq	TRANSCRIPTOMIC	PCR	PAIRED	SRS5754975	-	SAMN13386898	PRJNA591730	Illumina HiSeq 2000	Illumina HiSeq 2000	ILLUMINA	0	29389628922	-	-	130403_MONK_0275_AC1Y6RACXX_L8_CCGTCC_1_pf.fastq.gz	SRR10578484.lite	10921964974	2022-06-11 07:49:34	7920c968b40ccd1e5b03c22ca8d0a891	1	SRA Lite	Primary ETL	1	s3://sra-pub-zq-2/SRR10578484/SRR10578484.lite.1	s3.us-east-1	aws identity	https://sra-downloadb.be-md.ncbi.nlm.nih.gov/sos5/sra-pub-zq-14/SRR010/10578/SRR10578484/SRR10578484.lite.1	https://sra-downloadb.be-md.ncbi.nlm.nih.gov/sos5/sra-pub-zq-14/SRR010/10578/SRR10578484/SRR10578484.lite.1	worldwide	anonymous	gs://sra-pub-zq-108/SRR10578484/SRR10578484.lite.1	gs.us-east1	gcp identity	-	SSB01	NA	NA	NA	NA	NA	NA	NA	Free living	free living	cell culture	Model organism or animal	-	-	-	-	http://ftp.sra.ebi.ac.uk/vol1/fastq/SRR105/084/SRR10578484/SRR10578484_1.fastq.gz	http://ftp.sra.ebi.ac.uk/vol1/fastq/SRR105/084/SRR10578484/SRR10578484_2.fastq.gz	-	era-fasp@fasp.sra.ebi.ac.uk:vol1/fastq/SRR105/084/SRR10578484/SRR10578484_1.fastq.gz	era-fasp@fasp.sra.ebi.ac.uk:vol1/fastq/SRR105/084/SRR10578484/SRR10578484_2.fastq.gz
SRR33692232	SRP234478	Comparative transcritpomics for Breviolum minutum SSB01 and Symbiodinium linucheae SSA01	SRX28917711	SSA01-34°C-day0-1	SSA01-34°C-day0-1	154551	Symbiodinium linucheae	140319_TENNISON_0286_AC3L8RACXX_L3_CAGATC	RNA-Seq	TRANSCRIPTOMIC	PolyA	PAIRED	SRS25142635	-	SAMN48714059	PRJNA591730	Illumina HiSeq 2000	Illumina HiSeq 2000	ILLUMINA	52152025	7017760178	52152025	10534709050	140319_TENNISON_0286_AC3L8RACXX_L3_CAGATC_1_pf.fastq.gz	SRR33692232.lite	2742139936	2025-05-24 14:46:47	f7d31ab684d24dd3d5dca4443e151eb6	1	SRA Lite	Primary ETL	1	s3://sra-pub-zq-1/SRR33692232/SRR33692232.lite.1	s3.us-east-1	aws identity	https://sra-downloadb.be-md.ncbi.nlm.nih.gov/sos4/sra-pub-zq-5/SRR033/33692/SRR33692232/SRR33692232.lite.1	https://sra-downloadb.be-md.ncbi.nlm.nih.gov/sos4/sra-pub-zq-5/SRR033/33692/SRR33692232/SRR33692232.lite.1	worldwide	anonymous	gs://sra-pub-zq-102/SRR33692232/SRR33692232.lite.1	gs.us-east1	gcp identity	-	SSA01	N/A	-	-	-	-	-	-	-	-	Axenic cell culture	Microbe, viral or environmental	Exaiptasia diaphana	N/A	N/A	-	http://ftp.sra.ebi.ac.uk/vol1/fastq/SRR336/032/SRR33692232/SRR33692232_1.fastq.gz	http://ftp.sra.ebi.ac.uk/vol1/fastq/SRR336/032/SRR33692232/SRR33692232_2.fastq.gz	-	era-fasp@fasp.sra.ebi.ac.uk:vol1/fastq/SRR336/032/SRR33692232/SRR33692232_1.fastq.gz	era-fasp@fasp.sra.ebi.ac.uk:vol1/fastq/SRR336/032/SRR33692232/SRR33692232_2.fastq.gz
SRR36399503	SRP234478	Comparative transcritpomics for Breviolum minutum SSB01 and Symbiodinium linucheae SSA01	SRX31427144	SSA01-34°C-day0-2	SSA01-34°C-day0-2	154551	Symbiodinium linucheae	151020_MONK_0446_AC7LDNACXX_L3_CAGATC	RNA-Seq	TRANSCRIPTOMIC	PolyA	PAIRED	SRS25142635	-	SAMN48714059	PRJNA591730	Illumina HiSeq 2000	Illumina HiSeq 2000	ILLUMINA	19403271	2631599650	19403271	3919460742	151020_MONK_0446_AC7LDNACXX_L3_CAGATC_1_pf.fastq.gz	SRR36399503.lite	1026791275	2025-12-10 16:43:47	2f8cc5abca755fb1961b2b746266483c	1	SRA Lite	Primary ETL	1	s3://sra-pub-zq-1/SRR36399503/SRR36399503.lite.1	s3.us-east-1	aws identity	https://sra-downloadb.be-md.ncbi.nlm.nih.gov/sos6/sra-pub-zq-40/SRR036/36399/SRR36399503/SRR36399503.lite.1	https://sra-downloadb.be-md.ncbi.nlm.nih.gov/sos6/sra-pub-zq-40/SRR036/36399/SRR36399503/SRR36399503.lite.1	worldwide	anonymous	gs://sra-pub-zq-106/SRR36399503/SRR36399503.lite.1	gs.us-east1	gcp identity	-	SSA01	N/A	-	-	-	-	-	-	-	-	Axenic cell culture	Microbe, viral or environmental	Exaiptasia diaphana	N/A	N/A	-	http://ftp.sra.ebi.ac.uk/vol1/fastq/SRR363/003/SRR36399503/SRR36399503_1.fastq.gz	http://ftp.sra.ebi.ac.uk/vol1/fastq/SRR363/003/SRR36399503/SRR36399503_2.fastq.gz	-	era-fasp@fasp.sra.ebi.ac.uk:vol1/fastq/SRR363/003/SRR36399503/SRR36399503_1.fastq.gz	era-fasp@fasp.sra.ebi.ac.uk:vol1/fastq/SRR363/003/SRR36399503/SRR36399503_2.fastq.gz
SRR36399537	SRP234478	Comparative transcritpomics for Breviolum minutum SSB01 and Symbiodinium linucheae SSA01	SRX31427178	SSA01-34°C-day0-3	SSA01-34°C-day0-3	154551	Symbiodinium linucheae	151020_MONK_0446_AC7LDNACXX_L3_CTTGTA	RNA-Seq	TRANSCRIPTOMIC	PolyA	PAIRED	SRS25142635	-	SAMN48714059	PRJNA591730	Illumina HiSeq 2000	Illumina HiSeq 2000	ILLUMINA	25158543	3402950154	25158543	5082025686	151020_MONK_0446_AC7LDNACXX_L3_CTTGTA_1_pf.fastq.gz	SRR36399537.lite	1328628403	2025-12-10 16:43:52	2caf3942e6b4faa578f2ce607d296da6	1	SRA Lite	Primary ETL	1	s3://sra-pub-zq-1/SRR36399537/SRR36399537.lite.1	s3.us-east-1	aws identity	https://sra-downloadb.be-md.ncbi.nlm.nih.gov/sos6/sra-pub-zq-40/SRR036/36399/SRR36399537/SRR36399537.lite.1	https://sra-downloadb.be-md.ncbi.nlm.nih.gov/sos6/sra-pub-zq-40/SRR036/36399/SRR36399537/SRR36399537.lite.1	worldwide	anonymous	gs://sra-pub-zq-106/SRR36399537/SRR36399537.lite.1	gs.us-east1	gcp identity	-	SSA01	N/A	-	-	-	-	-	-	-	-	Axenic cell culture	Microbe, viral or environmental	Exaiptasia diaphana	N/A	N/A	-	http://ftp.sra.ebi.ac.uk/vol1/fastq/SRR363/037/SRR36399537/SRR36399537_1.fastq.gz	http://ftp.sra.ebi.ac.uk/vol1/fastq/SRR363/037/SRR36399537/SRR36399537_2.fastq.gz	-	era-fasp@fasp.sra.ebi.ac.uk:vol1/fastq/SRR363/037/SRR36399537/SRR36399537_1.fastq.gz	era-fasp@fasp.sra.ebi.ac.uk:vol1/fastq/SRR363/037/SRR36399537/SRR36399537_2.fastq.gz
SRR36399877	SRP234478	Comparative transcritpomics for Breviolum minutum SSB01 and Symbiodinium linucheae SSA01	SRX31427506	SSA01-34°C-day0-4	SSA01-34°C-day0-4	154551	Symbiodinium linucheae	140402_TENNISON_0288_AC3KVVACXX_L7_AGTTCC	RNA-Seq	TRANSCRIPTOMIC	PolyA	PAIRED	SRS25142635	-	SAMN48714059	PRJNA591730	Illumina HiSeq 2000	Illumina HiSeq 2000	ILLUMINA	51190818	6788858375	51190818	10340545236	140402_TENNISON_0288_AC3KVVACXX_L7_AGTTCC_1_pf.fastq.gz	SRR36399877.lite	2695899268	2025-12-10 17:50:39	d9b8b2bb060ae396a95e61950f81b375	1	SRA Lite	Primary ETL	1	s3://sra-pub-zq-1/SRR36399877/SRR36399877.lite.1	s3.us-east-1	aws identity	https://sra-downloadb.be-md.ncbi.nlm.nih.gov/sos6/sra-pub-zq-40/SRR036/36399/SRR36399877/SRR36399877.lite.1	https://sra-downloadb.be-md.ncbi.nlm.nih.gov/sos6/sra-pub-zq-40/SRR036/36399/SRR36399877/SRR36399877.lite.1	worldwide	anonymous	gs://sra-pub-zq-106/SRR36399877/SRR36399877.lite.1	gs.us-east1	gcp identity	-	SSA01	N/A	-	-	-	-	-	-	-	-	Axenic cell culture	Microbe, viral or environmental	Exaiptasia diaphana	N/A	N/A	-	http://ftp.sra.ebi.ac.uk/vol1/fastq/SRR363/077/SRR36399877/SRR36399877_1.fastq.gz	http://ftp.sra.ebi.ac.uk/vol1/fastq/SRR363/077/SRR36399877/SRR36399877_2.fastq.gz	-	era-fasp@fasp.sra.ebi.ac.uk:vol1/fastq/SRR363/077/SRR36399877/SRR36399877_1.fastq.gz	era-fasp@fasp.sra.ebi.ac.uk:vol1/fastq/SRR363/077/SRR36399877/SRR36399877_2.fastq.gz
SRR36401143	SRP234478	Comparative transcritpomics for Breviolum minutum SSB01 and Symbiodinium linucheae SSA01	SRX31428700	SSA01-34°C-3h-3	SSA01-34°C-3h-3	154551	Symbiodinium linucheae	151020_MONK_0446_AC7LDNACXX_L3_CCGTCC	RNA-Seq	TRANSCRIPTOMIC	PolyA	PAIRED	SRS25142635	-	SAMN48714059	PRJNA591730	Illumina HiSeq 2000	Illumina HiSeq 2000	ILLUMINA	21496478	2944681581	21496478	4342288556	151020_MONK_0446_AC7LDNACXX_L3_CCGTCC_1_pf.fastq.gz	151020_MONK_0446_AC7LDNACXX_L3_CCGTCC_1_pf.fastq.gz	1790972134	2025-12-10 21:52:59	b0de05df9035a393697d9eaade2830bb	1	fastq	Original	0	s3://sra-pub-src-8/SRR36401143/151020_MONK_0446_AC7LDNACXX_L3_CCGTCC_1_pf.fastq.gz.1	-	Use Cloud Data Delivery	https://sra-pub-run-odp.s3.amazonaws.com/sra/SRR36401143/SRR36401143	https://sra-downloadb.be-md.ncbi.nlm.nih.gov/sos4/sra-pub-zq-5/SRR036/36401/SRR36401143/SRR36401143.lite.1	worldwide	anonymous	gs://sra-pub-zq-106/SRR36401143/SRR36401143.lite.1	gs.us-east1	gcp identity	-	SSA01	N/A	-	-	-	-	-	-	-	-	Axenic cell culture	Microbe, viral or environmental	Exaiptasia diaphana	N/A	N/A	-	http://ftp.sra.ebi.ac.uk/vol1/fastq/SRR364/043/SRR36401143/SRR36401143_1.fastq.gz	http://ftp.sra.ebi.ac.uk/vol1/fastq/SRR364/043/SRR36401143/SRR36401143_2.fastq.gz	-	era-fasp@fasp.sra.ebi.ac.uk:vol1/fastq/SRR364/043/SRR36401143/SRR36401143_1.fastq.gz	era-fasp@fasp.sra.ebi.ac.uk:vol1/fastq/SRR364/043/SRR36401143/SRR36401143_2.fastq.gz
SRR36401144	SRP234478	Comparative transcritpomics for Breviolum minutum SSB01 and Symbiodinium linucheae SSA01	SRX31428699	SSA01-34°C-3h-2	SSA01-34°C-3h-2	154551	Symbiodinium linucheae	151020_MONK_0446_AC7LDNACXX_L3_ATGTCA	RNA-Seq	TRANSCRIPTOMIC	PolyA	PAIRED	SRS25142635	-	SAMN48714059	PRJNA591730	Illumina HiSeq 2000	Illumina HiSeq 2000	ILLUMINA	22329662	3042460121	22329662	4510591724	151020_MONK_0446_AC7LDNACXX_L3_ATGTCA_1_pf.fastq.gz	SRR36401144.lite	1180373127	2025-12-10 22:32:52	5b2d2b9590e251bba4e590e3c48bee04	1	SRA Lite	Primary ETL	1	s3://sra-pub-zq-1/SRR36401144/SRR36401144.lite.1	s3.us-east-1	aws identity	https://sra-downloadb.be-md.ncbi.nlm.nih.gov/sos4/sra-pub-zq-5/SRR036/36401/SRR36401144/SRR36401144.lite.1	https://sra-downloadb.be-md.ncbi.nlm.nih.gov/sos4/sra-pub-zq-5/SRR036/36401/SRR36401144/SRR36401144.lite.1	worldwide	anonymous	gs://sra-pub-zq-106/SRR36401144/SRR36401144.lite.1	gs.us-east1	gcp identity	-	SSA01	N/A	-	-	-	-	-	-	-	-	Axenic cell culture	Microbe, viral or environmental	Exaiptasia diaphana	N/A	N/A	-	http://ftp.sra.ebi.ac.uk/vol1/fastq/SRR364/044/SRR36401144/SRR36401144_1.fastq.gz	http://ftp.sra.ebi.ac.uk/vol1/fastq/SRR364/044/SRR36401144/SRR36401144_2.fastq.gz	-	era-fasp@fasp.sra.ebi.ac.uk:vol1/fastq/SRR364/044/SRR36401144/SRR36401144_1.fastq.gz	era-fasp@fasp.sra.ebi.ac.uk:vol1/fastq/SRR364/044/SRR36401144/SRR36401144_2.fastq.gz
SRR36401145	SRP234478	Comparative transcritpomics for Breviolum minutum SSB01 and Symbiodinium linucheae SSA01	SRX31428698	SSA01-34°C-3h-1	SSA01-34°C-3h-1	154551	Symbiodinium linucheae	140402_TENNISON_0288_AC3KVVACXX_L6_GTCCGC	RNA-Seq	TRANSCRIPTOMIC	PolyA	PAIRED	SRS25142635	-	SAMN48714059	PRJNA591730	Illumina HiSeq 2000	Illumina HiSeq 2000	ILLUMINA	35936908	4799883373	35936908	7259255416	140402_TENNISON_0288_AC3KVVACXX_L6_GTCCGC_1_pf.fastq.gz	SRR36401145.lite	1896361994	2025-12-10 22:33:05	5accb39cb18efd1ce3c58678d67be86f	1	SRA Lite	Primary ETL	1	s3://sra-pub-zq-1/SRR36401145/SRR36401145.lite.1	s3.us-east-1	aws identity	https://sra-downloadb.be-md.ncbi.nlm.nih.gov/sos4/sra-pub-zq-5/SRR036/36401/SRR36401145/SRR36401145.lite.1	https://sra-downloadb.be-md.ncbi.nlm.nih.gov/sos4/sra-pub-zq-5/SRR036/36401/SRR36401145/SRR36401145.lite.1	worldwide	anonymous	gs://sra-pub-zq-106/SRR36401145/SRR36401145.lite.1	gs.us-east1	gcp identity	-	SSA01	N/A	-	-	-	-	-	-	-	-	Axenic cell culture	Microbe, viral or environmental	Exaiptasia diaphana	N/A	N/A	-	http://ftp.sra.ebi.ac.uk/vol1/fastq/SRR364/045/SRR36401145/SRR36401145_1.fastq.gz	http://ftp.sra.ebi.ac.uk/vol1/fastq/SRR364/045/SRR36401145/SRR36401145_2.fastq.gz	-	era-fasp@fasp.sra.ebi.ac.uk:vol1/fastq/SRR364/045/SRR36401145/SRR36401145_1.fastq.gz	era-fasp@fasp.sra.ebi.ac.uk:vol1/fastq/SRR364/045/SRR36401145/SRR36401145_2.fastq.gz
SRR36417296	SRP234478	Comparative transcritpomics for Breviolum minutum SSB01 and Symbiodinium linucheae SSA01	SRX31444036	SSA01-34°C-12h-3	SSA01-34°C-12h-3	154551	Symbiodinium linucheae	140321_PINKERTON_0294_BC3K58ACXX_L1_CTTGTA	RNA-Seq	TRANSCRIPTOMIC	PolyA	PAIRED	SRS25142635	-	SAMN48714059	PRJNA591730	Illumina HiSeq 2000	Illumina HiSeq 2000	ILLUMINA	36696957	4811768300	36696957	7412785314	140321_PINKERTON_0294_BC3K58ACXX_L1_CTTGTA_1_pf.fastq.gz	SRR36417296.lite	1933462674	2025-12-11 19:00:37	dad3a84023a96b466047162860814040	1	SRA Lite	Primary ETL	1	s3://sra-pub-zq-3/SRR36417296/SRR36417296.lite.1	s3.us-east-1	aws identity	https://sra-downloadb.be-md.ncbi.nlm.nih.gov/sos4/sra-pub-zq-3/SRR036/36417/SRR36417296/SRR36417296.lite.1	https://sra-downloadb.be-md.ncbi.nlm.nih.gov/sos4/sra-pub-zq-3/SRR036/36417/SRR36417296/SRR36417296.lite.1	worldwide	anonymous	gs://sra-pub-zq-109/SRR36417296/SRR36417296.lite.1	gs.us-east1	gcp identity	-	SSA01	N/A	-	-	-	-	-	-	-	-	Axenic cell culture	Microbe, viral or environmental	Exaiptasia diaphana	N/A	N/A	-	http://ftp.sra.ebi.ac.uk/vol1/fastq/SRR364/096/SRR36417296/SRR36417296_1.fastq.gz	http://ftp.sra.ebi.ac.uk/vol1/fastq/SRR364/096/SRR36417296/SRR36417296_2.fastq.gz	-	era-fasp@fasp.sra.ebi.ac.uk:vol1/fastq/SRR364/096/SRR36417296/SRR36417296_1.fastq.gz	era-fasp@fasp.sra.ebi.ac.uk:vol1/fastq/SRR364/096/SRR36417296/SRR36417296_2.fastq.gz
SRR36417297	SRP234478	Comparative transcritpomics for Breviolum minutum SSB01 and Symbiodinium linucheae SSA01	SRX31444035	SSA01-34°C-12h-2	SSA01-34°C-12h-2	154551	Symbiodinium linucheae	151020_MONK_0446_AC7LDNACXX_L3_GTGAAA	RNA-Seq	TRANSCRIPTOMIC	PolyA	PAIRED	SRS25142635	-	SAMN48714059	PRJNA591730	Illumina HiSeq 2000	Illumina HiSeq 2000	ILLUMINA	23821214	3236431704	23821214	4811885228	151020_MONK_0446_AC7LDNACXX_L3_GTGAAA_1_pf.fastq.gz	151020_MONK_0446_AC7LDNACXX_L3_GTGAAA_1_pf.fastq.gz	1961378755	2025-12-11 18:38:52	e003d013b854ea6901f8f817745eaf5c	1	fastq	Original	0	s3://sra-pub-src-15/SRR36417297/151020_MONK_0446_AC7LDNACXX_L3_GTGAAA_1_pf.fastq.gz.1	-	Use Cloud Data Delivery	https://sra-pub-run-odp.s3.amazonaws.com/sra/SRR36417297/SRR36417297	https://sra-downloadb.be-md.ncbi.nlm.nih.gov/sos6/sra-pub-zq-40/SRR036/36417/SRR36417297/SRR36417297.lite.1	worldwide	anonymous	gs://sra-pub-zq-109/SRR36417297/SRR36417297.lite.1	gs.us-east1	gcp identity	-	SSA01	N/A	-	-	-	-	-	-	-	-	Axenic cell culture	Microbe, viral or environmental	Exaiptasia diaphana	N/A	N/A	-	http://ftp.sra.ebi.ac.uk/vol1/fastq/SRR364/097/SRR36417297/SRR36417297_1.fastq.gz	http://ftp.sra.ebi.ac.uk/vol1/fastq/SRR364/097/SRR36417297/SRR36417297_2.fastq.gz	-	era-fasp@fasp.sra.ebi.ac.uk:vol1/fastq/SRR364/097/SRR36417297/SRR36417297_1.fastq.gz	era-fasp@fasp.sra.ebi.ac.uk:vol1/fastq/SRR364/097/SRR36417297/SRR36417297_2.fastq.gz
SRR36417298	SRP234478	Comparative transcritpomics for Breviolum minutum SSB01 and Symbiodinium linucheae SSA01	SRX31444034	SSA01-34°C-12h-1	SSA01-34°C-12h-1	154551	Symbiodinium linucheae	151020_MONK_0446_AC7LDNACXX_L3_GTCCGC	RNA-Seq	TRANSCRIPTOMIC	PolyA	PAIRED	SRS25142635	-	SAMN48714059	PRJNA591730	Illumina HiSeq 2000	Illumina HiSeq 2000	ILLUMINA	23906214	3268729576	23906214	4829055228	151020_MONK_0446_AC7LDNACXX_L3_GTCCGC_1_pf.fastq.gz	SRR36417298.lite	1263233971	2025-12-11 19:00:27	ef58896d40c0fe381f80e4662deaa59c	1	SRA Lite	Primary ETL	1	s3://sra-pub-zq-3/SRR36417298/SRR36417298.lite.1	s3.us-east-1	aws identity	https://sra-downloadb.be-md.ncbi.nlm.nih.gov/sos6/sra-pub-zq-40/SRR036/36417/SRR36417298/SRR36417298.lite.1	https://sra-downloadb.be-md.ncbi.nlm.nih.gov/sos6/sra-pub-zq-40/SRR036/36417/SRR36417298/SRR36417298.lite.1	worldwide	anonymous	gs://sra-pub-zq-109/SRR36417298/SRR36417298.lite.1	gs.us-east1	gcp identity	-	SSA01	N/A	-	-	-	-	-	-	-	-	Axenic cell culture	Microbe, viral or environmental	Exaiptasia diaphana	N/A	N/A	-	http://ftp.sra.ebi.ac.uk/vol1/fastq/SRR364/098/SRR36417298/SRR36417298_1.fastq.gz	http://ftp.sra.ebi.ac.uk/vol1/fastq/SRR364/098/SRR36417298/SRR36417298_2.fastq.gz	-	era-fasp@fasp.sra.ebi.ac.uk:vol1/fastq/SRR364/098/SRR36417298/SRR36417298_1.fastq.gz	era-fasp@fasp.sra.ebi.ac.uk:vol1/fastq/SRR364/098/SRR36417298/SRR36417298_2.fastq.gz
SRR36417818	SRP234478	Comparative transcritpomics for Breviolum minutum SSB01 and Symbiodinium linucheae SSA01	SRX31444558	SSA01-34°C-24h-3	SSA01-34°C-24h-3	154551	Symbiodinium linucheae	140321_PINKERTON_0294_BC3K58ACXX_L1_AGTCAA	RNA-Seq	TRANSCRIPTOMIC	PolyA	PAIRED	SRS25142635	-	SAMN48714059	PRJNA591730	Illumina HiSeq 2000	Illumina HiSeq 2000	ILLUMINA	41464004	5436022196	41464004	8375728808	140321_PINKERTON_0294_BC3K58ACXX_L1_AGTCAA_1_pf.fastq.gz	SRR36417818.lite	2183117051	2025-12-11 22:30:07	04ba2dcd236297f4b3a77ac54b03d9a0	1	SRA Lite	Primary ETL	1	s3://sra-pub-zq-3/SRR36417818/SRR36417818.lite.1	s3.us-east-1	aws identity	https://sra-downloadb.be-md.ncbi.nlm.nih.gov/sos6/sra-pub-zq-40/SRR036/36417/SRR36417818/SRR36417818.lite.1	https://sra-downloadb.be-md.ncbi.nlm.nih.gov/sos6/sra-pub-zq-40/SRR036/36417/SRR36417818/SRR36417818.lite.1	worldwide	anonymous	gs://sra-pub-zq-109/SRR36417818/SRR36417818.lite.1	gs.us-east1	gcp identity	-	SSA01	N/A	-	-	-	-	-	-	-	-	Axenic cell culture	Microbe, viral or environmental	Exaiptasia diaphana	N/A	N/A	-	http://ftp.sra.ebi.ac.uk/vol1/fastq/SRR364/018/SRR36417818/SRR36417818_1.fastq.gz	http://ftp.sra.ebi.ac.uk/vol1/fastq/SRR364/018/SRR36417818/SRR36417818_2.fastq.gz	-	era-fasp@fasp.sra.ebi.ac.uk:vol1/fastq/SRR364/018/SRR36417818/SRR36417818_1.fastq.gz	era-fasp@fasp.sra.ebi.ac.uk:vol1/fastq/SRR364/018/SRR36417818/SRR36417818_2.fastq.gz
SRR36417819	SRP234478	Comparative transcritpomics for Breviolum minutum SSB01 and Symbiodinium linucheae SSA01	SRX31444557	SSA01-34°C-24h-2	SSA01-34°C-24h-2	154551	Symbiodinium linucheae	151023_BRISCOE_0264_BC7LUPACXX_L1_GATCAG	RNA-Seq	TRANSCRIPTOMIC	PolyA	PAIRED	SRS25142635	-	SAMN48714059	PRJNA591730	Illumina HiSeq 2000	Illumina HiSeq 2000	ILLUMINA	21270309	2798070339	21270309	4296602418	151023_BRISCOE_0264_BC7LUPACXX_L1_GATCAG_1_pf.fastq.gz	SRR36417819.lite	1123236793	2025-12-11 22:29:45	347a936afc555c5e1fd2c317dcceeaec	1	SRA Lite	Primary ETL	1	s3://sra-pub-zq-3/SRR36417819/SRR36417819.lite.1	s3.us-east-1	aws identity	https://sra-downloadb.be-md.ncbi.nlm.nih.gov/sos6/sra-pub-zq-40/SRR036/36417/SRR36417819/SRR36417819.lite.1	https://sra-downloadb.be-md.ncbi.nlm.nih.gov/sos6/sra-pub-zq-40/SRR036/36417/SRR36417819/SRR36417819.lite.1	worldwide	anonymous	gs://sra-pub-zq-109/SRR36417819/SRR36417819.lite.1	gs.us-east1	gcp identity	-	SSA01	N/A	-	-	-	-	-	-	-	-	Axenic cell culture	Microbe, viral or environmental	Exaiptasia diaphana	N/A	N/A	-	http://ftp.sra.ebi.ac.uk/vol1/fastq/SRR364/019/SRR36417819/SRR36417819_1.fastq.gz	http://ftp.sra.ebi.ac.uk/vol1/fastq/SRR364/019/SRR36417819/SRR36417819_2.fastq.gz	-	era-fasp@fasp.sra.ebi.ac.uk:vol1/fastq/SRR364/019/SRR36417819/SRR36417819_1.fastq.gz	era-fasp@fasp.sra.ebi.ac.uk:vol1/fastq/SRR364/019/SRR36417819/SRR36417819_2.fastq.gz
SRR36417820	SRP234478	Comparative transcritpomics for Breviolum minutum SSB01 and Symbiodinium linucheae SSA01	SRX31444556	SSA01-34°C-24h-1	SSA01-34°C-24h-1	154551	Symbiodinium linucheae	151020_MONK_0446_AC7LDNACXX_L3_ATCACG	RNA-Seq	TRANSCRIPTOMIC	PolyA	PAIRED	SRS25142635	-	SAMN48714059	PRJNA591730	Illumina HiSeq 2000	Illumina HiSeq 2000	ILLUMINA	23023042	3123070506	23023042	4650654484	151020_MONK_0446_AC7LDNACXX_L3_ATCACG_1_pf.fastq.gz	SRR36417820.lite	1216772721	2025-12-11 22:29:42	13d9356d3758e137cdd047d04636f5b3	1	SRA Lite	Primary ETL	1	s3://sra-pub-zq-3/SRR36417820/SRR36417820.lite.1	s3.us-east-1	aws identity	https://sra-downloadb.be-md.ncbi.nlm.nih.gov/sos6/sra-pub-zq-40/SRR036/36417/SRR36417820/SRR36417820.lite.1	https://sra-downloadb.be-md.ncbi.nlm.nih.gov/sos6/sra-pub-zq-40/SRR036/36417/SRR36417820/SRR36417820.lite.1	worldwide	anonymous	gs://sra-pub-zq-109/SRR36417820/SRR36417820.lite.1	gs.us-east1	gcp identity	-	SSA01	N/A	-	-	-	-	-	-	-	-	Axenic cell culture	Microbe, viral or environmental	Exaiptasia diaphana	N/A	N/A	-	http://ftp.sra.ebi.ac.uk/vol1/fastq/SRR364/020/SRR36417820/SRR36417820_1.fastq.gz	http://ftp.sra.ebi.ac.uk/vol1/fastq/SRR364/020/SRR36417820/SRR36417820_2.fastq.gz	-	era-fasp@fasp.sra.ebi.ac.uk:vol1/fastq/SRR364/020/SRR36417820/SRR36417820_1.fastq.gz	era-fasp@fasp.sra.ebi.ac.uk:vol1/fastq/SRR364/020/SRR36417820/SRR36417820_2.fastq.gz
SRR36490025	SRP234478	Comparative transcritpomics for Breviolum minutum SSB01 and Symbiodinium linucheae SSA01	SRX31511504	SSA01-34C-2d-3	SSA01-34C-2d-3	154551	Symbiodinium linucheae	140402_TENNISON_0288_AC3KVVACXX_L7_TGACCA	RNA-Seq	TRANSCRIPTOMIC	PolyA	PAIRED	SRS25142635	-	SAMN48714059	PRJNA591730	Illumina HiSeq 2000	Illumina HiSeq 2000	ILLUMINA	42269452	5604682069	42269452	8538429304	140402_TENNISON_0288_AC3KVVACXX_L7_TGACCA_1_pf.fastq.gz	SRR36490025.lite	2228453274	2025-12-17 16:41:53	4dcd1aa64458dee3e6bea42b875113b8	1	SRA Lite	Primary ETL	1	s3://sra-pub-zq-3/SRR36490025/SRR36490025.lite.1	s3.us-east-1	aws identity	https://sra-downloadb.be-md.ncbi.nlm.nih.gov/sos7/sra-pub-zq-41/SRR036/36490/SRR36490025/SRR36490025.lite.1	https://sra-downloadb.be-md.ncbi.nlm.nih.gov/sos7/sra-pub-zq-41/SRR036/36490/SRR36490025/SRR36490025.lite.1	worldwide	anonymous	gs://sra-pub-zq-101/SRR36490025/SRR36490025.lite.1	gs.us-east1	gcp identity	-	SSA01	N/A	-	-	-	-	-	-	-	-	Axenic cell culture	Microbe, viral or environmental	Exaiptasia diaphana	N/A	N/A	-	http://ftp.sra.ebi.ac.uk/vol1/fastq/SRR364/025/SRR36490025/SRR36490025_1.fastq.gz	http://ftp.sra.ebi.ac.uk/vol1/fastq/SRR364/025/SRR36490025/SRR36490025_2.fastq.gz	-	era-fasp@fasp.sra.ebi.ac.uk:vol1/fastq/SRR364/025/SRR36490025/SRR36490025_1.fastq.gz	era-fasp@fasp.sra.ebi.ac.uk:vol1/fastq/SRR364/025/SRR36490025/SRR36490025_2.fastq.gz
SRR36490026	SRP234478	Comparative transcritpomics for Breviolum minutum SSB01 and Symbiodinium linucheae SSA01	SRX31511503	SSA01-34C-2d-2	SSA01-34C-2d-2	154551	Symbiodinium linucheae	151023_BRISCOE_0264_BC7LUPACXX_L1_ACTTGA	RNA-Seq	TRANSCRIPTOMIC	PolyA	PAIRED	SRS25142635	-	SAMN48714059	PRJNA591730	Illumina HiSeq 2000	Illumina HiSeq 2000	ILLUMINA	23889238	3136609062	23889238	4825626076	151023_BRISCOE_0264_BC7LUPACXX_L1_ACTTGA_1_pf.fastq.gz	SRR36490026.lite	1260828481	2025-12-17 16:41:39	b8f745123c5bdd853ab273325b39b928	1	SRA Lite	Primary ETL	1	s3://sra-pub-zq-3/SRR36490026/SRR36490026.lite.1	s3.us-east-1	aws identity	https://sra-downloadb.be-md.ncbi.nlm.nih.gov/sos7/sra-pub-zq-41/SRR036/36490/SRR36490026/SRR36490026.lite.1	https://sra-downloadb.be-md.ncbi.nlm.nih.gov/sos7/sra-pub-zq-41/SRR036/36490/SRR36490026/SRR36490026.lite.1	worldwide	anonymous	gs://sra-pub-zq-101/SRR36490026/SRR36490026.lite.1	gs.us-east1	gcp identity	-	SSA01	N/A	-	-	-	-	-	-	-	-	Axenic cell culture	Microbe, viral or environmental	Exaiptasia diaphana	N/A	N/A	-	http://ftp.sra.ebi.ac.uk/vol1/fastq/SRR364/026/SRR36490026/SRR36490026_1.fastq.gz	http://ftp.sra.ebi.ac.uk/vol1/fastq/SRR364/026/SRR36490026/SRR36490026_2.fastq.gz	-	era-fasp@fasp.sra.ebi.ac.uk:vol1/fastq/SRR364/026/SRR36490026/SRR36490026_1.fastq.gz	era-fasp@fasp.sra.ebi.ac.uk:vol1/fastq/SRR364/026/SRR36490026/SRR36490026_2.fastq.gz
SRR36490027	SRP234478	Comparative transcritpomics for Breviolum minutum SSB01 and Symbiodinium linucheae SSA01	SRX31511502	SSA01-34C-2d-1	SSA01-34C-2d-1	154551	Symbiodinium linucheae	151023_BRISCOE_0264_BC7LUPACXX_L1_TTAGGC	RNA-Seq	TRANSCRIPTOMIC	PolyA	PAIRED	SRS25142635	-	SAMN48714059	PRJNA591730	Illumina HiSeq 2000	Illumina HiSeq 2000	ILLUMINA	21412134	2837937337	21412134	4325251068	151023_BRISCOE_0264_BC7LUPACXX_L1_TTAGGC_1_pf.fastq.gz	SRR36490027.lite	1130777176	2025-12-17 16:41:41	073bf25791a48f960afbef1f508db94e	1	SRA Lite	Primary ETL	1	s3://sra-pub-zq-3/SRR36490027/SRR36490027.lite.1	s3.us-east-1	aws identity	https://sra-downloadb.be-md.ncbi.nlm.nih.gov/sos7/sra-pub-zq-41/SRR036/36490/SRR36490027/SRR36490027.lite.1	https://sra-downloadb.be-md.ncbi.nlm.nih.gov/sos7/sra-pub-zq-41/SRR036/36490/SRR36490027/SRR36490027.lite.1	worldwide	anonymous	gs://sra-pub-zq-101/SRR36490027/SRR36490027.lite.1	gs.us-east1	gcp identity	-	SSA01	N/A	-	-	-	-	-	-	-	-	Axenic cell culture	Microbe, viral or environmental	Exaiptasia diaphana	N/A	N/A	-	http://ftp.sra.ebi.ac.uk/vol1/fastq/SRR364/027/SRR36490027/SRR36490027_1.fastq.gz	http://ftp.sra.ebi.ac.uk/vol1/fastq/SRR364/027/SRR36490027/SRR36490027_2.fastq.gz	-	era-fasp@fasp.sra.ebi.ac.uk:vol1/fastq/SRR364/027/SRR36490027/SRR36490027_1.fastq.gz	era-fasp@fasp.sra.ebi.ac.uk:vol1/fastq/SRR364/027/SRR36490027/SRR36490027_2.fastq.gz
SRR36494936	SRP234478	Comparative transcritpomics for Breviolum minutum SSB01 and Symbiodinium linucheae SSA01	SRX31516373	SSA01-34C-4d-3	SSA01-34C-4d-3	154551	Symbiodinium linucheae	140402_TENNISON_0288_AC3KVVACXX_L7_ACAGTG	RNA-Seq	TRANSCRIPTOMIC	PolyA	PAIRED	SRS25142635	-	SAMN48714059	PRJNA591730	Illumina HiSeq 2000	Illumina HiSeq 2000	ILLUMINA	41905438	5537393143	41905438	8464898476	140402_TENNISON_0288_AC3KVVACXX_L7_ACAGTG_1_pf.fastq.gz	SRR36494936.lite	2209341095	2025-12-17 19:25:42	8324f7ea357fd8d5e7445e0b82458ff2	1	SRA Lite	Primary ETL	1	s3://sra-pub-zq-3/SRR36494936/SRR36494936.lite.1	s3.us-east-1	aws identity	https://sra-downloadb.be-md.ncbi.nlm.nih.gov/sos7/sra-pub-zq-41/SRR036/36494/SRR36494936/SRR36494936.lite.1	https://sra-downloadb.be-md.ncbi.nlm.nih.gov/sos7/sra-pub-zq-41/SRR036/36494/SRR36494936/SRR36494936.lite.1	worldwide	anonymous	gs://sra-pub-zq-101/SRR36494936/SRR36494936.lite.1	gs.us-east1	gcp identity	-	SSA01	N/A	-	-	-	-	-	-	-	-	Axenic cell culture	Microbe, viral or environmental	Exaiptasia diaphana	N/A	N/A	-	http://ftp.sra.ebi.ac.uk/vol1/fastq/SRR364/036/SRR36494936/SRR36494936_1.fastq.gz	http://ftp.sra.ebi.ac.uk/vol1/fastq/SRR364/036/SRR36494936/SRR36494936_2.fastq.gz	-	era-fasp@fasp.sra.ebi.ac.uk:vol1/fastq/SRR364/036/SRR36494936/SRR36494936_1.fastq.gz	era-fasp@fasp.sra.ebi.ac.uk:vol1/fastq/SRR364/036/SRR36494936/SRR36494936_2.fastq.gz
SRR36494937	SRP234478	Comparative transcritpomics for Breviolum minutum SSB01 and Symbiodinium linucheae SSA01	SRX31516372	SSA01-34C-4d-2	SSA01-34C-4d-2	154551	Symbiodinium linucheae	151023_BRISCOE_0264_BC7LUPACXX_L1_GTTTCG	RNA-Seq	TRANSCRIPTOMIC	PolyA	PAIRED	SRS25142635	-	SAMN48714059	PRJNA591730	Illumina HiSeq 2000	Illumina HiSeq 2000	ILLUMINA	23454248	3099049305	23454248	4737758096	151023_BRISCOE_0264_BC7LUPACXX_L1_GTTTCG_1_pf.fastq.gz	SRR36494937.lite	1238120728	2025-12-17 19:25:08	56fa43f36fa64c8dfd5c6f2ccf488021	1	SRA Lite	Primary ETL	1	s3://sra-pub-zq-3/SRR36494937/SRR36494937.lite.1	s3.us-east-1	aws identity	https://sra-downloadb.be-md.ncbi.nlm.nih.gov/sos7/sra-pub-zq-41/SRR036/36494/SRR36494937/SRR36494937.lite.1	https://sra-downloadb.be-md.ncbi.nlm.nih.gov/sos7/sra-pub-zq-41/SRR036/36494/SRR36494937/SRR36494937.lite.1	worldwide	anonymous	gs://sra-pub-zq-101/SRR36494937/SRR36494937.lite.1	gs.us-east1	gcp identity	-	SSA01	N/A	-	-	-	-	-	-	-	-	Axenic cell culture	Microbe, viral or environmental	Exaiptasia diaphana	N/A	N/A	-	http://ftp.sra.ebi.ac.uk/vol1/fastq/SRR364/037/SRR36494937/SRR36494937_1.fastq.gz	http://ftp.sra.ebi.ac.uk/vol1/fastq/SRR364/037/SRR36494937/SRR36494937_2.fastq.gz	-	era-fasp@fasp.sra.ebi.ac.uk:vol1/fastq/SRR364/037/SRR36494937/SRR36494937_1.fastq.gz	era-fasp@fasp.sra.ebi.ac.uk:vol1/fastq/SRR364/037/SRR36494937/SRR36494937_2.fastq.gz
SRR36494938	SRP234478	Comparative transcritpomics for Breviolum minutum SSB01 and Symbiodinium linucheae SSA01	SRX31516371	SSA01-34C-4d-1	SSA01-34C-4d-1	154551	Symbiodinium linucheae	151023_BRISCOE_0264_BC7LUPACXX_L1_GTGGCC	RNA-Seq	TRANSCRIPTOMIC	PolyA	PAIRED	SRS25142635	-	SAMN48714059	PRJNA591730	Illumina HiSeq 2000	Illumina HiSeq 2000	ILLUMINA	23231862	3068405391	23231862	4692836124	151023_BRISCOE_0264_BC7LUPACXX_L1_GTGGCC_1_pf.fastq.gz	SRR36494938.lite	1226600867	2025-12-17 19:25:16	e7ad95e8949d93f14a20ddb2fd20ec3c	1	SRA Lite	Primary ETL	1	s3://sra-pub-zq-3/SRR36494938/SRR36494938.lite.1	s3.us-east-1	aws identity	https://sra-downloadb.be-md.ncbi.nlm.nih.gov/sos7/sra-pub-zq-41/SRR036/36494/SRR36494938/SRR36494938.lite.1	https://sra-downloadb.be-md.ncbi.nlm.nih.gov/sos7/sra-pub-zq-41/SRR036/36494/SRR36494938/SRR36494938.lite.1	worldwide	anonymous	gs://sra-pub-zq-101/SRR36494938/SRR36494938.lite.1	gs.us-east1	gcp identity	-	SSA01	N/A	-	-	-	-	-	-	-	-	Axenic cell culture	Microbe, viral or environmental	Exaiptasia diaphana	N/A	N/A	-	http://ftp.sra.ebi.ac.uk/vol1/fastq/SRR364/038/SRR36494938/SRR36494938_1.fastq.gz	http://ftp.sra.ebi.ac.uk/vol1/fastq/SRR364/038/SRR36494938/SRR36494938_2.fastq.gz	-	era-fasp@fasp.sra.ebi.ac.uk:vol1/fastq/SRR364/038/SRR36494938/SRR36494938_1.fastq.gz	era-fasp@fasp.sra.ebi.ac.uk:vol1/fastq/SRR364/038/SRR36494938/SRR36494938_2.fastq.gz
SRR36494939	SRP234478	Comparative transcritpomics for Breviolum minutum SSB01 and Symbiodinium linucheae SSA01	SRX31516370	SSA01-34C-3d-3	SSA01-34C-3d-3	154551	Symbiodinium linucheae	140321_PINKERTON_0294_BC3K58ACXX_L1_AGTTCC	RNA-Seq	TRANSCRIPTOMIC	PolyA	PAIRED	SRS25142635	-	SAMN48714059	PRJNA591730	Illumina HiSeq 2000	Illumina HiSeq 2000	ILLUMINA	47511367	6230351841	47511367	9597296134	140321_PINKERTON_0294_BC3K58ACXX_L1_AGTTCC_1_pf.fastq.gz	SRR36494939.lite	2499561710	2025-12-17 19:25:46	267c4bcf17ed2453fbc8607723366237	1	SRA Lite	Primary ETL	1	s3://sra-pub-zq-3/SRR36494939/SRR36494939.lite.1	s3.us-east-1	aws identity	https://sra-downloadb.be-md.ncbi.nlm.nih.gov/sos7/sra-pub-zq-41/SRR036/36494/SRR36494939/SRR36494939.lite.1	https://sra-downloadb.be-md.ncbi.nlm.nih.gov/sos7/sra-pub-zq-41/SRR036/36494/SRR36494939/SRR36494939.lite.1	worldwide	anonymous	gs://sra-pub-zq-101/SRR36494939/SRR36494939.lite.1	gs.us-east1	gcp identity	-	SSA01	N/A	-	-	-	-	-	-	-	-	Axenic cell culture	Microbe, viral or environmental	Exaiptasia diaphana	N/A	N/A	-	http://ftp.sra.ebi.ac.uk/vol1/fastq/SRR364/039/SRR36494939/SRR36494939_1.fastq.gz	http://ftp.sra.ebi.ac.uk/vol1/fastq/SRR364/039/SRR36494939/SRR36494939_2.fastq.gz	-	era-fasp@fasp.sra.ebi.ac.uk:vol1/fastq/SRR364/039/SRR36494939/SRR36494939_1.fastq.gz	era-fasp@fasp.sra.ebi.ac.uk:vol1/fastq/SRR364/039/SRR36494939/SRR36494939_2.fastq.gz
SRR36494940	SRP234478	Comparative transcritpomics for Breviolum minutum SSB01 and Symbiodinium linucheae SSA01	SRX31516369	SSA01-34C-3d-2	SSA01-34C-3d-2	154551	Symbiodinium linucheae	151023_BRISCOE_0264_BC7LUPACXX_L1_GGCTAC	RNA-Seq	TRANSCRIPTOMIC	PolyA	PAIRED	SRS25142635	-	SAMN48714059	PRJNA591730	Illumina HiSeq 2000	Illumina HiSeq 2000	ILLUMINA	24433727	3220120565	24433727	4935612854	151023_BRISCOE_0264_BC7LUPACXX_L1_GGCTAC_1_pf.fastq.gz	SRR36494940.lite	1289532245	2025-12-17 19:25:13	f5b0fbfb28de64c5ec37032732cfce34	1	SRA Lite	Primary ETL	1	s3://sra-pub-zq-3/SRR36494940/SRR36494940.lite.1	s3.us-east-1	aws identity	https://sra-downloadb.be-md.ncbi.nlm.nih.gov/sos7/sra-pub-zq-41/SRR036/36494/SRR36494940/SRR36494940.lite.1	https://sra-downloadb.be-md.ncbi.nlm.nih.gov/sos7/sra-pub-zq-41/SRR036/36494/SRR36494940/SRR36494940.lite.1	worldwide	anonymous	gs://sra-pub-zq-101/SRR36494940/SRR36494940.lite.1	gs.us-east1	gcp identity	-	SSA01	N/A	-	-	-	-	-	-	-	-	Axenic cell culture	Microbe, viral or environmental	Exaiptasia diaphana	N/A	N/A	-	http://ftp.sra.ebi.ac.uk/vol1/fastq/SRR364/040/SRR36494940/SRR36494940_1.fastq.gz	http://ftp.sra.ebi.ac.uk/vol1/fastq/SRR364/040/SRR36494940/SRR36494940_2.fastq.gz	-	era-fasp@fasp.sra.ebi.ac.uk:vol1/fastq/SRR364/040/SRR36494940/SRR36494940_1.fastq.gz	era-fasp@fasp.sra.ebi.ac.uk:vol1/fastq/SRR364/040/SRR36494940/SRR36494940_2.fastq.gz
SRR36494941	SRP234478	Comparative transcritpomics for Breviolum minutum SSB01 and Symbiodinium linucheae SSA01	SRX31516368	SSA01-34C-3d-1	SSA01-34C-3d-1	154551	Symbiodinium linucheae	151023_BRISCOE_0264_BC7LUPACXX_L1_TAGCTT	RNA-Seq	TRANSCRIPTOMIC	PolyA	PAIRED	SRS25142635	-	SAMN48714059	PRJNA591730	Illumina HiSeq 2000	Illumina HiSeq 2000	ILLUMINA	23777692	3127544662	23777692	4803093784	151023_BRISCOE_0264_BC7LUPACXX_L1_TAGCTT_1_pf.fastq.gz	SRR36494941.lite	1255033081	2025-12-17 19:25:13	092b4a9795bc90dd5907a561402e8a8d	1	SRA Lite	Primary ETL	1	s3://sra-pub-zq-3/SRR36494941/SRR36494941.lite.1	s3.us-east-1	aws identity	https://sra-downloadb.be-md.ncbi.nlm.nih.gov/sos7/sra-pub-zq-41/SRR036/36494/SRR36494941/SRR36494941.lite.1	https://sra-downloadb.be-md.ncbi.nlm.nih.gov/sos7/sra-pub-zq-41/SRR036/36494/SRR36494941/SRR36494941.lite.1	worldwide	anonymous	gs://sra-pub-zq-101/SRR36494941/SRR36494941.lite.1	gs.us-east1	gcp identity	-	SSA01	N/A	-	-	-	-	-	-	-	-	Axenic cell culture	Microbe, viral or environmental	Exaiptasia diaphana	N/A	N/A	-	http://ftp.sra.ebi.ac.uk/vol1/fastq/SRR364/041/SRR36494941/SRR36494941_1.fastq.gz	http://ftp.sra.ebi.ac.uk/vol1/fastq/SRR364/041/SRR36494941/SRR36494941_2.fastq.gz	-	era-fasp@fasp.sra.ebi.ac.uk:vol1/fastq/SRR364/041/SRR36494941/SRR36494941_1.fastq.gz	era-fasp@fasp.sra.ebi.ac.uk:vol1/fastq/SRR364/041/SRR36494941/SRR36494941_2.fastq.gz
SRR36495115	SRP234478	Comparative transcritpomics for Breviolum minutum SSB01 and Symbiodinium linucheae SSA01	SRX31516544	SSA01-27C-8d-2	SSA01-27C-8d-2	154551	Symbiodinium linucheae	151020_MONK_0446_AC7LDNACXX_L3_AGTTCC	RNA-Seq	TRANSCRIPTOMIC	PolyA	PAIRED	SRS25142635	-	SAMN48714059	PRJNA591730	Illumina HiSeq 2000	Illumina HiSeq 2000	ILLUMINA	24595987	3337794557	24595987	4968389374	151020_MONK_0446_AC7LDNACXX_L3_AGTTCC_1_pf.fastq.gz	SRR36495115.lite	1299536351	2025-12-17 20:48:00	b8f46bfd3bb2aec141c32ab9133de1b1	1	SRA Lite	Primary ETL	1	s3://sra-pub-zq-3/SRR36495115/SRR36495115.lite.1	s3.us-east-1	aws identity	https://sra-downloadb.be-md.ncbi.nlm.nih.gov/sos6/sra-pub-zq-40/SRR036/36495/SRR36495115/SRR36495115.lite.1	https://sra-downloadb.be-md.ncbi.nlm.nih.gov/sos6/sra-pub-zq-40/SRR036/36495/SRR36495115/SRR36495115.lite.1	worldwide	anonymous	gs://sra-pub-zq-101/SRR36495115/SRR36495115.lite.1	gs.us-east1	gcp identity	-	SSA01	N/A	-	-	-	-	-	-	-	-	Axenic cell culture	Microbe, viral or environmental	Exaiptasia diaphana	N/A	N/A	-	http://ftp.sra.ebi.ac.uk/vol1/fastq/SRR364/015/SRR36495115/SRR36495115_1.fastq.gz	http://ftp.sra.ebi.ac.uk/vol1/fastq/SRR364/015/SRR36495115/SRR36495115_2.fastq.gz	-	era-fasp@fasp.sra.ebi.ac.uk:vol1/fastq/SRR364/015/SRR36495115/SRR36495115_1.fastq.gz	era-fasp@fasp.sra.ebi.ac.uk:vol1/fastq/SRR364/015/SRR36495115/SRR36495115_2.fastq.gz
SRR36495116	SRP234478	Comparative transcritpomics for Breviolum minutum SSB01 and Symbiodinium linucheae SSA01	SRX31516543	SSA01-27C-8d-1	SSA01-27C-8d-1	154551	Symbiodinium linucheae	151020_MONK_0446_AC7LDNACXX_L3_AGTCAA	RNA-Seq	TRANSCRIPTOMIC	PolyA	PAIRED	SRS25142635	-	SAMN48714059	PRJNA591730	Illumina HiSeq 2000	Illumina HiSeq 2000	ILLUMINA	22865254	3098429160	22865254	4618781308	151020_MONK_0446_AC7LDNACXX_L3_AGTCAA_1_pf.fastq.gz	SRR36495116.lite	1208370256	2025-12-17 20:47:47	ef2ebea0f1ec623fbe9d8b15f8cf8a5e	1	SRA Lite	Primary ETL	1	s3://sra-pub-zq-3/SRR36495116/SRR36495116.lite.1	s3.us-east-1	aws identity	https://sra-downloadb.be-md.ncbi.nlm.nih.gov/sos6/sra-pub-zq-40/SRR036/36495/SRR36495116/SRR36495116.lite.1	https://sra-downloadb.be-md.ncbi.nlm.nih.gov/sos6/sra-pub-zq-40/SRR036/36495/SRR36495116/SRR36495116.lite.1	worldwide	anonymous	gs://sra-pub-zq-101/SRR36495116/SRR36495116.lite.1	gs.us-east1	gcp identity	-	SSA01	N/A	-	-	-	-	-	-	-	-	Axenic cell culture	Microbe, viral or environmental	Exaiptasia diaphana	N/A	N/A	-	http://ftp.sra.ebi.ac.uk/vol1/fastq/SRR364/016/SRR36495116/SRR36495116_1.fastq.gz	http://ftp.sra.ebi.ac.uk/vol1/fastq/SRR364/016/SRR36495116/SRR36495116_2.fastq.gz	-	era-fasp@fasp.sra.ebi.ac.uk:vol1/fastq/SRR364/016/SRR36495116/SRR36495116_1.fastq.gz	era-fasp@fasp.sra.ebi.ac.uk:vol1/fastq/SRR364/016/SRR36495116/SRR36495116_2.fastq.gz
SRR36495117	SRP234478	Comparative transcritpomics for Breviolum minutum SSB01 and Symbiodinium linucheae SSA01	SRX31516542	SSA01-34C-8d-2	SSA01-34C-8d-2	154551	Symbiodinium linucheae	151023_BRISCOE_0264_BC7LUPACXX_L1_CGATGT	RNA-Seq	TRANSCRIPTOMIC	PolyA	PAIRED	SRS25142635	-	SAMN48714059	PRJNA591730	Illumina HiSeq 2000	Illumina HiSeq 2000	ILLUMINA	22012296	2899527200	22012296	4446483792	151023_BRISCOE_0264_BC7LUPACXX_L1_CGATGT_1_pf.fastq.gz	SRR36495117.lite	1162461080	2025-12-17 20:47:45	cff7b68990cd29d14c0973fc86a46d80	1	SRA Lite	Primary ETL	1	s3://sra-pub-zq-3/SRR36495117/SRR36495117.lite.1	s3.us-east-1	aws identity	https://sra-downloadb.be-md.ncbi.nlm.nih.gov/sos6/sra-pub-zq-40/SRR036/36495/SRR36495117/SRR36495117.lite.1	https://sra-downloadb.be-md.ncbi.nlm.nih.gov/sos6/sra-pub-zq-40/SRR036/36495/SRR36495117/SRR36495117.lite.1	worldwide	anonymous	gs://sra-pub-zq-101/SRR36495117/SRR36495117.lite.1	gs.us-east1	gcp identity	-	SSA01	N/A	-	-	-	-	-	-	-	-	Axenic cell culture	Microbe, viral or environmental	Exaiptasia diaphana	N/A	N/A	-	http://ftp.sra.ebi.ac.uk/vol1/fastq/SRR364/017/SRR36495117/SRR36495117_1.fastq.gz	http://ftp.sra.ebi.ac.uk/vol1/fastq/SRR364/017/SRR36495117/SRR36495117_2.fastq.gz	-	era-fasp@fasp.sra.ebi.ac.uk:vol1/fastq/SRR364/017/SRR36495117/SRR36495117_1.fastq.gz	era-fasp@fasp.sra.ebi.ac.uk:vol1/fastq/SRR364/017/SRR36495117/SRR36495117_2.fastq.gz
SRR36495118	SRP234478	Comparative transcritpomics for Breviolum minutum SSB01 and Symbiodinium linucheae SSA01	SRX31516541	SSA01-34C-8d-1	SSA01-34C-8d-1	154551	Symbiodinium linucheae	151023_BRISCOE_0264_BC7LUPACXX_L1_ATTCCT	RNA-Seq	TRANSCRIPTOMIC	PolyA	PAIRED	SRS25142635	-	SAMN48714059	PRJNA591730	Illumina HiSeq 2000	Illumina HiSeq 2000	ILLUMINA	25256029	3316848935	25256029	5101717858	151023_BRISCOE_0264_BC7LUPACXX_L1_ATTCCT_1_pf.fastq.gz	SRR36495118.lite	1332702899	2025-12-17 20:47:50	153f692de47dd64340d198d6d89e2ca5	1	SRA Lite	Primary ETL	1	s3://sra-pub-zq-3/SRR36495118/SRR36495118.lite.1	s3.us-east-1	aws identity	https://sra-downloadb.be-md.ncbi.nlm.nih.gov/sos6/sra-pub-zq-40/SRR036/36495/SRR36495118/SRR36495118.lite.1	https://sra-downloadb.be-md.ncbi.nlm.nih.gov/sos6/sra-pub-zq-40/SRR036/36495/SRR36495118/SRR36495118.lite.1	worldwide	anonymous	gs://sra-pub-zq-101/SRR36495118/SRR36495118.lite.1	gs.us-east1	gcp identity	-	SSA01	N/A	-	-	-	-	-	-	-	-	Axenic cell culture	Microbe, viral or environmental	Exaiptasia diaphana	N/A	N/A	-	http://ftp.sra.ebi.ac.uk/vol1/fastq/SRR364/018/SRR36495118/SRR36495118_1.fastq.gz	http://ftp.sra.ebi.ac.uk/vol1/fastq/SRR364/018/SRR36495118/SRR36495118_2.fastq.gz	-	era-fasp@fasp.sra.ebi.ac.uk:vol1/fastq/SRR364/018/SRR36495118/SRR36495118_1.fastq.gz	era-fasp@fasp.sra.ebi.ac.uk:vol1/fastq/SRR364/018/SRR36495118/SRR36495118_2.fastq.gz
SRR36764133	SRP234478	Comparative transcritpomics for Breviolum minutum SSB01 and Symbiodinium linucheae SSA01	SRX31759100	SSB01-34C-24h-3	SSB01-34C-24h-3	2499525	Breviolum minutum	140319_TENNISON_0286_AC3L8RACXX_L3_ACAGTG	RNA-Seq	TRANSCRIPTOMIC	PolyA	PAIRED	SRS5754975	-	SAMN13386898	PRJNA591730	Illumina HiSeq 2000	Illumina HiSeq 2000	ILLUMINA	49044549	6511180891	49044549	9906998898	140319_TENNISON_0286_AC3L8RACXX_L3_ACAGTG_1_pf.fastq.gz	SRR36764133.lite	2578572012	2026-01-09 21:30:23	63ca74a220879bce911bdc0407739001	1	SRA Lite	Primary ETL	1	s3://sra-pub-zq-8/SRR36764133/SRR36764133.lite.1	s3.us-east-1	aws identity	https://sra-downloadb.be-md.ncbi.nlm.nih.gov/sos7/sra-pub-zq-41/SRR036/36764/SRR36764133/SRR36764133.lite.1	https://sra-downloadb.be-md.ncbi.nlm.nih.gov/sos7/sra-pub-zq-41/SRR036/36764/SRR36764133/SRR36764133.lite.1	worldwide	anonymous	gs://sra-pub-zq-101/SRR36764133/SRR36764133.lite.1	gs.us-east1	gcp identity	-	SSB01	NA	NA	NA	NA	NA	NA	NA	Free living	free living	cell culture	Model organism or animal	-	-	-	-	http://ftp.sra.ebi.ac.uk/vol1/fastq/SRR367/033/SRR36764133/SRR36764133_1.fastq.gz	http://ftp.sra.ebi.ac.uk/vol1/fastq/SRR367/033/SRR36764133/SRR36764133_2.fastq.gz	-	era-fasp@fasp.sra.ebi.ac.uk:vol1/fastq/SRR367/033/SRR36764133/SRR36764133_1.fastq.gz	era-fasp@fasp.sra.ebi.ac.uk:vol1/fastq/SRR367/033/SRR36764133/SRR36764133_2.fastq.gz
SRR36764134	SRP234478	Comparative transcritpomics for Breviolum minutum SSB01 and Symbiodinium linucheae SSA01	SRX31759099	SSB01-34C-3h-3	SSB01-34C-3h-3	2499525	Breviolum minutum	140319_TENNISON_0286_AC3L8RACXX_L3_TGACCA	RNA-Seq	TRANSCRIPTOMIC	PolyA	PAIRED	SRS5754975	-	SAMN13386898	PRJNA591730	Illumina HiSeq 2000	Illumina HiSeq 2000	ILLUMINA	52486790	6999910695	52486790	10602331580	140319_TENNISON_0286_AC3L8RACXX_L3_TGACCA_1_pf.fastq.gz	SRR36764134.lite	2758606697	2026-01-09 21:30:27	abcf103392f4f9f7bddf458b6d192d51	1	SRA Lite	Primary ETL	1	s3://sra-pub-zq-8/SRR36764134/SRR36764134.lite.1	s3.us-east-1	aws identity	https://sra-downloadb.be-md.ncbi.nlm.nih.gov/sos7/sra-pub-zq-41/SRR036/36764/SRR36764134/SRR36764134.lite.1	https://sra-downloadb.be-md.ncbi.nlm.nih.gov/sos7/sra-pub-zq-41/SRR036/36764/SRR36764134/SRR36764134.lite.1	worldwide	anonymous	gs://sra-pub-zq-101/SRR36764134/SRR36764134.lite.1	gs.us-east1	gcp identity	-	SSB01	NA	NA	NA	NA	NA	NA	NA	Free living	free living	cell culture	Model organism or animal	-	-	-	-	http://ftp.sra.ebi.ac.uk/vol1/fastq/SRR367/034/SRR36764134/SRR36764134_1.fastq.gz	http://ftp.sra.ebi.ac.uk/vol1/fastq/SRR367/034/SRR36764134/SRR36764134_2.fastq.gz	-	era-fasp@fasp.sra.ebi.ac.uk:vol1/fastq/SRR367/034/SRR36764134/SRR36764134_1.fastq.gz	era-fasp@fasp.sra.ebi.ac.uk:vol1/fastq/SRR367/034/SRR36764134/SRR36764134_2.fastq.gz
SRR36764135	SRP234478	Comparative transcritpomics for Breviolum minutum SSB01 and Symbiodinium linucheae SSA01	SRX31759098	SSB01-34C-day0-3	SSB01-34C-day0-3	2499525	Breviolum minutum	140319_TENNISON_0286_AC3L8RACXX_L3_CGATGT	RNA-Seq	TRANSCRIPTOMIC	PolyA	PAIRED	SRS5754975	-	SAMN13386898	PRJNA591730	Illumina HiSeq 2000	Illumina HiSeq 2000	ILLUMINA	48216817	6430194171	48216817	9739797034	140319_TENNISON_0286_AC3L8RACXX_L3_CGATGT_1_pf.fastq.gz	SRR36764135.lite	2535390544	2026-01-09 21:30:23	bfc32e72c7d09f21d2186b2a04095117	1	SRA Lite	Primary ETL	1	s3://sra-pub-zq-8/SRR36764135/SRR36764135.lite.1	s3.us-east-1	aws identity	https://sra-downloadb.be-md.ncbi.nlm.nih.gov/sos7/sra-pub-zq-41/SRR036/36764/SRR36764135/SRR36764135.lite.1	https://sra-downloadb.be-md.ncbi.nlm.nih.gov/sos7/sra-pub-zq-41/SRR036/36764/SRR36764135/SRR36764135.lite.1	worldwide	anonymous	gs://sra-pub-zq-101/SRR36764135/SRR36764135.lite.1	gs.us-east1	gcp identity	-	SSB01	NA	NA	NA	NA	NA	NA	NA	Free living	free living	cell culture	Model organism or animal	-	-	-	-	http://ftp.sra.ebi.ac.uk/vol1/fastq/SRR367/035/SRR36764135/SRR36764135_1.fastq.gz	http://ftp.sra.ebi.ac.uk/vol1/fastq/SRR367/035/SRR36764135/SRR36764135_2.fastq.gz	-	era-fasp@fasp.sra.ebi.ac.uk:vol1/fastq/SRR367/035/SRR36764135/SRR36764135_1.fastq.gz	era-fasp@fasp.sra.ebi.ac.uk:vol1/fastq/SRR367/035/SRR36764135/SRR36764135_2.fastq.gz
